production_date;price;mileage;engine_capacity;fuel_type
1987;9900;475000;2299;Benzyna+LPG
1987;11900;235000;2299;Benzyna
1987;10200;120000;2299;Benzyna
1989;14500;305983;2299;Benzyna
1991;16900;300000;1996;Benzyna+LPG
1992;22000;165000;2299;Benzyna
1993;28800;179000;1998;Benzyna
1993;14900;397100;2497;Diesel
1993;14700;234000;2799;Benzyna
1993;40000;211000;1998;Benzyna
1993;10900;275000;2199;Benzyna
1993;8800;271500;2497;Diesel
1994;98000;265000;1998;Benzyna
1994;56900;135676;4196;Benzyna
1994;59900;234110;2199;Benzyna
1994;100000;137000;3199;Benzyna
1994;15000;396000;2996;Diesel
1994;49000;250000;4196;Benzyna
1994;98999;75438;2799;Benzyna
1994;30000;370000;2799;Benzyna
1994;59900;247700;1998;Benzyna
1994;16900;453000;2996;Diesel
1994;24900;258000;1997;Diesel
1994;52900;127399;4196;Benzyna
1994;24900;169000;1998;Benzyna
1994;49900;202000;2799;Benzyna
1994;24900;444300;2497;Diesel
1994;55000;330000;1998;Benzyna
1994;14750;268000;2199;Benzyna+LPG
1995;21700;135000;1998;Benzyna
1995;35900;74602;3199;Benzyna
1995;22000;270000;2799;Benzyna
1995;88900;94589;3199;Benzyna
1995;28900;296000;2497;Diesel
1995;21700;438249;2799;Benzyna
1995;23900;208700;2960;Benzyna
1995;23900;216751;2497;Diesel
1995;27800;150000;1998;Benzyna
1995;89000;295000;3199;Benzyna
1996;3600;341714;2295;Benzyna+LPG
1996;31900;321385;2497;Diesel
1996;39900;111000;3199;Benzyna
1996;32900;215000;3199;Benzyna+LPG
1996;18900;306000;2199;Benzyna
1996;13500;340000;2996;Diesel
1996;6400;480000;2155;Diesel
1996;91500;221695;2199;Benzyna
1996;3990;202000;1998;Benzyna+LPG
1996;39000;123000;2874;Diesel
1996;5999;214000;1998;Benzyna
1996;22500;211100;4196;Benzyna
1996;25000;150000;2199;Benzyna
1996;39900;104000;3199;Benzyna
1997;44900;186000;2199;Benzyna
1997;5899;254000;1998;Benzyna
1997;16900;280000;2799;Benzyna
1997;45900;89500;3199;Benzyna
1997;49900;113000;4196;Benzyna
1997;9000;157000;2295;Benzyna
1997;14900;253000;2900;Diesel
1997;25000;221500;2799;Benzyna
1997;23500;355000;3199;Benzyna+LPG
1997;10750;284000;2996;Diesel
1997;12800;126000;1998;Benzyna
1997;16900;310000;2799;Benzyna
1998;24900;96000;2397;Benzyna
1998;14000;447540;2996;Diesel
1998;14700;442762;2497;Diesel
1998;6900;263000;2397;Benzyna
1998;6400;260000;2996;Diesel
1998;12900;188000;1998;Benzyna+LPG
1998;19900;142800;2799;Benzyna
1998;49900;44000;3199;Benzyna
1998;23500;97570;1998;Benzyna
1998;8500;320000;2874;Diesel
1998;20700;239087;3199;Benzyna
1998;64900;62497;3199;Benzyna
1998;42900;93900;2395;Benzyna
1998;11000;265500;2397;Benzyna
1998;9900;221694;1998;Benzyna
1999;5800;340000;2151;Diesel
1999;19900;158000;2397;Benzyna
1999;8000;34355;2151;Diesel
1999;44900;299000;5439;Benzyna
1999;9500;230000;2151;Diesel
1999;49200;316000;4266;Benzyna
1999;5497;241804;2397;Benzyna
1999;15900;241000;2148;Diesel
1999;13900;420000;3222;Diesel
1999;13500;332000;4266;Benzyna
1999;10250;245000;2874;Diesel
2000;8200;239000;2151;Diesel
2000;7000;400000;3222;Diesel
2000;25000;200000;4266;Benzyna
2000;65900;143000;4266;Benzyna
2000;12900;234449;2151;Diesel
2000;26500;294000;3199;Benzyna
2000;6999;524236;2395;Benzyna+LPG
2000;9500;490000;2685;Diesel
2000;9900;165000;1998;Benzyna
2000;19900;142000;2685;Diesel
2000;9900;410000;1998;Benzyna+LPG
2000;11800;280000;2700;Diesel
2000;10500;299858;2685;Diesel
2000;19900;226000;4266;Benzyna
2001;7000;349400;3222;Diesel
2001;15400;211000;3198;Benzyna
2001;12700;320000;3222;Diesel
2001;6900;382500;1998;Benzyna+LPG
2001;7000;336313;1998;Benzyna+LPG
2001;20000;108000;2151;Diesel
2001;5900;500000;3222;Diesel
2001;11500;365000;2685;Diesel
2001;24700;137735;2597;Benzyna
2001;15000;375000;2685;Diesel
2001;8500;290000;2148;Diesel
2001;11500;310451;3199;Benzyna
2001;7999;410281;3222;Diesel
2001;4500;410314;2148;Diesel
2002;11000;410000;2148;Diesel
2002;22900;216000;3199;Benzyna
2002;8900;302000;3222;Diesel
2002;13999;370000;2685;Diesel
2002;19900;322714;2148;Diesel
2002;29500;389000;3222;Diesel
2002;15999;406671;2148;Diesel
2002;14900;423000;2685;Diesel
2002;24600;197212;2597;Benzyna
2002;59000;59000;3199;Benzyna
2002;6999;243000;2151;Diesel
2002;31800;385200;3222;Diesel
2002;8500;540000;2148;Diesel
2002;22000;348000;3222;Diesel
2002;12900;272000;2685;Diesel
2002;46700;213000;4300;Benzyna
2002;6800;235500;2148;Diesel
2002;22900;259000;4966;Benzyna+LPG
2002;11990;375720;2685;Diesel
2002;18900;199000;2148;Diesel
2002;19400;203000;2597;Benzyna
2002;26900;189500;3199;Benzyna
2002;17900;303000;2685;Diesel
2002;24000;163495;2685;Diesel
2002;11900;280000;3199;Benzyna
2002;12500;402646;2685;Diesel
2002;19900;270162;2148;Diesel
2002;9400;546000;2148;Diesel
2002;26900;300000;4966;Benzyna+LPG
2002;16900;255000;2148;Diesel
2002;9000;440000;2685;Diesel
2002;44498;118886;3199;Benzyna
2002;20500;402000;2685;Diesel
2002;35000;191500;3199;Benzyna
2002;26900;200000;3199;Benzyna
2002;19999;297000;2685;Diesel
2002;26999;112000;4966;Benzyna
2002;24900;288000;2597;Benzyna
2002;23900;260000;2685;Diesel
2002;22900;326000;3199;Benzyna+LPG
2002;28800;236000;3199;Benzyna
2002;20500;231000;2597;Benzyna
2002;71340;278000;2685;Diesel
2002;16000;282000;2685;Diesel
2002;16500;305000;2685;Diesel
2002;14999;261000;2597;Benzyna
2002;18900;276000;2685;Diesel
2002;19500;453000;3199;Benzyna+LPG
2003;48900;135000;4966;Benzyna
2003;9900;407751;3222;Diesel
2003;69000;265000;5439;Benzyna
2003;24900;150619;2148;Diesel
2003;16900;216643;2685;Diesel
2003;16900;398004;2151;Diesel
2003;55350;141200;2685;Diesel
2003;24900;201000;2597;Benzyna
2003;19500;312151;3222;Diesel
2003;83900;29450;4966;Benzyna
2003;7250;296000;2685;Diesel
2003;22900;289000;2685;Diesel
2003;15900;209803;2799;Benzyna
2003;18500;485000;2685;Diesel
2003;16890;360000;2685;Diesel
2003;24900;290000;2148;Diesel
2003;17500;337228;2148;Diesel
2003;17500;282881;2685;Diesel
2003;20990;235000;3222;Diesel
2003;20900;296000;3222;Diesel
2003;28000;186000;1796;Benzyna
2003;28000;380000;4966;Benzyna+LPG
2003;21900;270000;2685;Diesel
2003;19999;312000;3222;Diesel
2003;32900;169000;3199;Benzyna
2003;16999;319000;2685;Diesel
2003;17500;222600;1796;Benzyna
2003;99000;124500;4966;Benzyna
2003;29990;388272;4966;Benzyna+LPG
2003;15500;435000;3996;Diesel
2003;36900;329443;4966;Benzyna
2003;22700;218230;1796;Benzyna
2003;28000;335500;2685;Diesel
2003;12500;420000;2148;Diesel
2003;11990;351780;2685;Diesel
2003;54899;145922;4966;Benzyna
2003;1800;365000;3222;Diesel
2003;23900;230500;1796;Benzyna
2003;21000;187000;1796;Benzyna
2003;22000;340000;2148;Diesel
2003;28500;243306;3222;Diesel
2003;15000;368000;2685;Diesel
2003;13999;224000;2597;Benzyna
2003;13000;492000;3222;Diesel
2003;24900;230000;2148;Diesel
2003;17900;285050;2148;Diesel
2003;21900;449606;3222;Diesel
2003;11900;383209;2685;Diesel
2003;24900;366700;3222;Diesel
2003;9900;313000;2685;Diesel
2003;15900;270000;3199;Benzyna
2003;21800;279000;2148;Diesel
2003;17000;250000;2685;Diesel
2003;15500;370000;2685;Diesel
2003;17800;313600;3222;Diesel
2003;55000;173000;3222;Diesel
2003;17900;259000;1796;Benzyna
2003;24900;276000;3199;Benzyna
2003;12400;355000;3222;Diesel
2003;8900;390000;2685;Diesel
2003;26900;264000;3222;Diesel
2003;21100;294000;2685;Diesel
2003;23900;241386;3199;Benzyna
2003;24900;165100;1796;Benzyna
2003;12400;379357;3222;Diesel
2003;12400;349102;2148;Diesel
2003;29900;290000;3199;Benzyna+LPG
2003;18900;274200;1796;Benzyna
2003;14900;390000;2685;Diesel
2003;19900;190000;1796;Benzyna
2003;16900;463000;2148;Diesel
2003;19900;290258;2148;Diesel
2003;17100;255228;2799;Benzyna
2003;13900;323222;2148;Diesel
2003;11000;266000;2148;Diesel
2003;15800;300000;2685;Diesel
2003;9900;355887;2685;Diesel
2003;20999;452000;3222;Diesel
2003;16000;538016;1796;Benzyna+LPG
2003;22900;290000;3222;Diesel
2003;14900;377000;2685;Diesel
2003;18800;384000;2685;Diesel
2003;17200;292274;2685;Diesel
2003;18999;297000;3222;Diesel
2003;17900;289950;2685;Diesel
2003;27000;185523;3222;Diesel
2003;23900;235401;2148;Diesel
2003;12900;300000;2597;Benzyna
2003;25000;286000;3199;Benzyna+LPG
2003;28000;158757;1796;Benzyna
2004;17900;237000;1796;Benzyna
2004;12222;147777;3199;Benzyna+LPG
2004;70000;330000;5439;Benzyna
2004;38800;291000;4966;Benzyna
2004;18999;235290;1796;Benzyna
2004;19900;292594;1796;Benzyna
2004;129900;95000;5439;Benzyna
2004;17900;265000;2148;Diesel
2004;94900;121000;5439;Benzyna
2004;18500;177000;1796;Benzyna
2004;12200;333056;2597;Benzyna
2004;14800;270000;2148;Diesel
2004;29999;267000;3222;Diesel
2004;19900;183069;3222;Diesel
2004;18400;380000;3222;Diesel
2004;40000;400000;3222;Diesel
2004;21900;230000;2685;Diesel
2004;15900;277000;2148;Diesel
2004;14800;326000;2597;Benzyna+LPG
2004;19900;360017;2685;Diesel
2004;19500;254867;2148;Diesel
2004;19999;280000;1796;Benzyna+LPG
2004;22900;250242;1796;Benzyna
2004;8800;312900;2148;Diesel
2004;21900;278500;3222;Diesel
2004;33000;284000;3222;Diesel
2004;17500;294999;2148;Diesel
2004;19999;213900;2148;Diesel
2004;19500;446200;3222;Diesel
2004;17900;340000;2148;Diesel
2004;10900;358136;3199;Benzyna+LPG
2004;45000;85000;3199;Benzyna
2004;20000;460000;2685;Diesel
2004;17400;305000;2148;Diesel
2004;27500;260000;4966;Benzyna
2004;26900;224810;3222;Diesel
2004;19900;201258;3199;Benzyna
2004;63900;118333;4966;Benzyna
2004;20900;299100;3222;Diesel
2004;32000;185400;2148;Diesel
2004;14500;367000;3222;Diesel
2004;19900;413000;3222;Diesel
2004;23400;341764;3222;Diesel
2004;21950;311000;2597;Benzyna+LPG
2004;27000;178000;2200;Diesel
2004;20000;280000;2685;Diesel
2004;18900;319000;3222;Diesel
2004;23700;370000;3222;Diesel
2004;31000;241300;3199;Benzyna+LPG
2004;17500;400000;2148;Diesel
2004;18200;256000;1796;Benzyna
2004;19999;249609;1796;Benzyna
2004;18900;431000;3222;Diesel
2004;24999;197815;2685;Diesel
2004;21000;270000;2685;Diesel
2004;14900;400338;2148;Diesel
2004;24900;185392;2148;Diesel
2004;17900;328758;2148;Diesel
2004;13500;420000;2685;Diesel
2004;12900;394500;3222;Diesel
2004;41899;120252;3199;Benzyna
2004;21900;272000;2148;Diesel
2004;31900;250178;3222;Diesel
2004;19900;330000;1796;Benzyna
2004;24900;278000;2597;Benzyna
2004;14900;480000;1796;Benzyna
2004;17500;245535;2148;Diesel
2004;19600;312000;2200;Diesel
2004;8700;410000;2685;Diesel
2004;13900;289000;2148;Diesel
2004;18800;186000;1800;Benzyna
2004;43500;261700;4966;Benzyna+LPG
2004;18400;290000;2685;Diesel
2004;16500;374000;2148;Diesel
2004;19999;249000;3222;Diesel
2004;19900;210000;2597;Benzyna
2004;11800;344669;3199;Benzyna
2004;119900;82000;5439;Benzyna
2004;29900;161000;1796;Benzyna
2004;19900;268466;2685;Diesel
2004;16300;301111;2148;Diesel
2004;8900;266000;2148;Diesel
2004;8700;280000;3222;Diesel
2004;21800;275000;2597;Benzyna
2004;24800;172000;1796;Benzyna
2004;19900;328000;2148;Diesel
2004;28900;193000;3222;Diesel
2004;26000;234321;3199;Benzyna
2004;22500;303113;2685;Diesel
2004;19999;383000;3222;Diesel
2004;20900;383000;2685;Diesel
2004;20000;372000;2685;Diesel
2004;7200;200000;1796;Benzyna
2004;23900;333000;3222;Diesel
2004;18500;330000;3222;Diesel
2004;19999;326000;3222;Diesel
2004;40800;121600;2148;Diesel
2004;15900;274264;3222;Diesel
2004;12900;361534;2685;Diesel
2004;16900;245000;1796;Benzyna
2004;20900;242000;2148;Diesel
2005;24999;257000;3498;Benzyna
2005;17900;246000;2987;Diesel
2005;17500;433600;3222;Diesel
2005;19000;220000;2987;Diesel
2005;158000;67700;5439;Benzyna
2005;20500;360000;3222;Diesel
2005;29900;166934;1796;Benzyna
2005;85485;200839;5439;Benzyna
2005;24900;202000;3996;Diesel
2005;22000;329000;2987;Diesel
2005;27500;359000;2987;Diesel
2005;21900;238000;2996;Benzyna
2005;14500;240000;2148;Diesel
2005;32000;201670;1796;Benzyna
2005;23500;183000;1796;Benzyna
2005;17900;315000;2148;Diesel
2005;21500;226000;2996;Benzyna
2005;16500;331000;2987;Diesel
2005;69900;45352;3498;Benzyna
2005;17900;320000;2148;Diesel
2005;29999;427000;2987;Diesel
2005;20900;297000;1796;Benzyna
2005;25500;298350;2685;Diesel
2005;25500;358285;2987;Diesel
2005;183270;108500;2685;Diesel
2005;21900;264800;3222;Diesel
2005;25900;267000;2987;Diesel
2005;18500;330000;2200;Diesel
2005;49900;265000;2148;Diesel
2005;18000;449000;2987;Diesel
2005;21900;346700;2148;Diesel
2005;13999;356000;2148;Diesel
2005;24900;245000;2148;Diesel
2005;24500;285000;1796;Benzyna
2005;19999;228500;3498;Benzyna
2005;23500;224000;3498;Benzyna
2005;13900;366000;2700;Diesel
2005;18600;308000;2148;Diesel
2005;18900;298000;1796;Benzyna
2005;12500;354000;1796;Benzyna+LPG
2005;25900;362400;2987;Diesel
2005;11100;500000;3222;Diesel
2005;33000;156000;3199;Benzyna
2005;22000;460000;3222;Diesel
2005;12700;292396;2148;Diesel
2005;23000;210000;1796;Benzyna
2005;13900;268500;2148;Diesel
2005;27700;186000;1796;Benzyna
2005;21000;325000;2148;Diesel
2005;124995;53314;5439;Benzyna
2005;23900;227000;1796;Benzyna+LPG
2005;18500;242000;2597;Benzyna
2005;18000;379000;2148;Diesel
2005;23000;339091;2597;Benzyna+LPG
2005;17500;402000;2685;Diesel
2005;26900;281525;2996;Benzyna+LPG
2005;32000;241000;2987;Diesel
2005;17400;463812;3222;Diesel
2005;17999;220000;3498;Benzyna
2005;9999;253000;3222;Diesel
2005;24900;245000;3222;Diesel
2005;17900;260000;1796;Benzyna
2005;19450;252000;2148;Diesel
2005;29900;182000;3498;Benzyna
2005;13900;269770;1796;Benzyna
2005;140000;110000;2685;Diesel
2005;5150;400000;3222;Diesel
2005;26700;241000;2987;Diesel
2005;22500;330000;3222;Diesel
2005;19900;272364;2987;Diesel
2006;15000;425000;2148;Diesel
2006;69900;167762;6208;Benzyna
2006;22500;262000;2987;Diesel
2006;27900;262550;1796;Benzyna+LPG
2006;97000;63000;5461;Benzyna
2006;39500;323862;5461;Benzyna
2006;28900;203112;1796;Benzyna
2006;49900;108900;2987;Diesel
2006;27500;295000;2987;Diesel
2006;21900;254898;2148;Diesel
2006;17900;398000;2987;Diesel
2006;28900;324000;2987;Diesel
2006;23500;267000;2987;Diesel
2006;20999;382806;2987;Diesel
2006;35900;199000;2987;Diesel
2006;29500;241600;2996;Benzyna
2006;29900;262000;2987;Diesel
2006;18900;254000;2987;Diesel
2006;34900;299400;2987;Diesel
2006;19800;274000;2987;Diesel
2006;21900;260000;2148;Diesel
2006;29900;256000;3498;Benzyna+LPG
2006;19700;290000;2148;Diesel
2006;22500;381180;3222;Diesel
2006;69000;219000;5439;Benzyna+LPG
2006;25500;241000;2148;Diesel
2006;43899;163587;3498;Benzyna
2006;53900;190000;2996;Benzyna
2006;17500;245000;1796;Benzyna
2006;49900;95250;3498;Benzyna
2006;39900;255148;3498;Benzyna
2006;17500;356000;2148;Diesel
2006;26900;160772;2987;Diesel
2006;31900;254000;1796;Benzyna
2006;27800;240000;3498;Benzyna
2006;17900;424000;2987;Diesel
2006;18900;276000;2987;Diesel
2006;29900;189000;2148;Diesel
2006;24999;321002;2987;Diesel
2006;22900;278000;2987;Diesel
2006;24900;382000;2987;Diesel
2006;19999;334000;2987;Diesel
2006;24500;300500;2148;Diesel
2006;31900;285000;2987;Diesel
2006;21000;363000;2987;Diesel
2006;31500;261000;2987;Diesel
2006;12900;509654;2987;Diesel
2006;32700;107000;2987;Diesel
2006;18000;343500;2148;Diesel
2006;25900;170000;1800;Benzyna
2006;34999;354600;2987;Diesel
2006;24000;377000;2987;Diesel
2006;11900;260000;2987;Diesel
2006;19900;438313;2987;Diesel
2006;28500;278000;2987;Diesel
2006;25900;265000;2987;Diesel
2006;28800;190000;1796;Benzyna
2006;24900;198000;1796;Benzyna
2006;15990;283000;3000;Diesel
2006;25900;325000;2987;Diesel
2006;27999;329000;2987;Diesel
2006;29999;304000;2996;Benzyna
2006;26900;360000;2987;Diesel
2006;22900;269000;2987;Diesel
2006;21000;187200;2148;Diesel
2006;29000;265745;2148;Diesel
2006;26500;370000;2148;Diesel
2006;25900;281000;2987;Diesel
2006;12250;259525;1796;Benzyna
2006;18900;220000;2987;Diesel
2006;23247;298000;2987;Diesel
2006;24900;218000;2987;Diesel
2006;28500;309758;2685;Diesel
2006;22900;374000;2148;Diesel
2006;24900;355147;2987;Diesel
2006;18500;305000;2148;Diesel
2006;22000;289600;1796;Benzyna+LPG
2006;18999;306115;2987;Diesel
2006;32000;203300;2987;Diesel
2007;27500;279573;2987;Diesel
2007;28500;599000;2987;Diesel
2007;25900;417000;2987;Diesel
2007;21900;252770;2987;Diesel
2007;39000;153000;2996;Benzyna+LPG
2007;25900;298000;1796;Benzyna
2007;29900;292000;2148;Diesel
2007;33000;180000;2148;Diesel
2007;56900;206000;5461;Benzyna
2007;17900;280134;2987;Diesel
2007;39800;280000;2987;Diesel
2007;36950;200000;1796;Benzyna
2007;37000;200100;2987;Diesel
2007;32900;302824;3498;Benzyna
2007;24700;252982;2148;Diesel
2007;27700;291000;2987;Diesel
2007;29950;248251;2148;Diesel
2007;44900;248500;2987;Diesel
2007;25900;280000;2987;Diesel
2007;26900;320843;1796;Benzyna+LPG
2007;19800;348000;2987;Diesel
2007;33000;142000;2148;Diesel
2007;19300;261000;2987;Diesel
2007;11700;336000;2987;Diesel
2007;29900;337000;2987;Diesel
2007;26499;223362;2148;Diesel
2007;90000;15500;3498;Benzyna
2007;27900;316100;2148;Diesel
2007;27900;212000;2148;Diesel
2007;28900;226000;2987;Diesel
2007;42500;241000;3498;Benzyna
2007;139700;168025;6208;Benzyna
2007;85000;60981;5461;Benzyna
2007;20900;244895;1796;Benzyna
2007;14900;322687;2987;Diesel
2007;29999;278000;1796;Benzyna
2007;9100;320000;2148;Diesel
2007;27900;176000;1796;Benzyna
2007;57500;203000;5461;Benzyna
2007;18700;311000;2987;Diesel
2007;11900;354897;2148;Diesel
2007;38900;223000;2987;Diesel
2007;28700;260000;2987;Diesel
2007;21500;205000;1796;Benzyna
2007;24400;270000;2148;Diesel
2007;28900;248000;1796;Benzyna
2007;29900;312000;2987;Diesel
2007;23400;328321;2148;Diesel
2007;29999;229105;1796;Benzyna+LPG
2007;21900;297597;2148;Diesel
2007;35000;322000;2987;Diesel
2007;28600;276900;2148;Diesel
2007;22900;293000;2148;Diesel
2007;29000;248000;2987;Diesel
2007;29999;321000;2987;Diesel
2007;27000;333000;2148;Diesel
2007;20500;412000;2987;Diesel
2007;22900;326000;2987;Diesel
2007;6500;650000;2148;Diesel
2007;26900;443660;2987;Diesel
2007;26900;256744;2148;Diesel
2008;33999;180000;1796;Benzyna+LPG
2008;32000;215000;1796;Benzyna
2008;139000;61350;5461;Benzyna
2008;29700;250130;2148;Diesel
2008;32900;230000;2148;Diesel
2008;29900;408000;2987;Diesel
2008;27800;298000;2148;Diesel
2008;28000;315000;2987;Diesel
2008;34900;253000;3498;Benzyna
2008;30900;186000;1796;Benzyna
2008;29900;318000;2987;Diesel
2008;99500;170000;6208;Benzyna
2008;28500;296700;2987;Diesel
2008;27800;337000;2987;Diesel
2008;27500;286000;1796;Benzyna+LPG
2008;35900;129000;2148;Diesel
2008;32900;150600;1796;Benzyna
2008;25999;273283;2148;Diesel
2008;9500;345000;2148;Diesel
2008;59800;186000;5461;Benzyna
2008;43500;201000;2148;Diesel
2008;28900;196500;1796;Benzyna
2008;37000;228209;2987;Diesel
2008;37500;253000;2987;Diesel
2008;37999;229806;3498;Benzyna
2008;45000;234000;3498;Benzyna
2008;36900;240000;2987;Diesel
2008;10800;450000;2148;Diesel
2008;37499;149686;1796;Benzyna
2008;27900;281000;2987;Diesel
2008;28500;377400;2987;Diesel
2008;27900;289700;1796;Benzyna+LPG
2008;27900;290000;2148;Diesel
2008;26900;222000;2148;Diesel
2008;28999;213000;1796;Benzyna
2008;25500;320000;2987;Diesel
2008;26800;248000;1796;Benzyna+LPG
2008;32900;239000;1796;Benzyna
2008;28800;236000;2987;Diesel
2008;26000;291144;2148;Diesel
2008;37900;180000;1796;Benzyna
2008;37000;322000;2148;Diesel
2008;39900;220000;2987;Diesel
2008;27490;287793;2148;Diesel
2008;123000;96341;6208;Benzyna
2008;28900;278821;2987;Diesel
2008;29999;291765;2987;Diesel
2008;26000;482000;2987;Diesel
2008;38900;290000;5461;Benzyna
2008;28500;241900;1796;Benzyna+LPG
2009;49000;227000;2987;Diesel
2009;15900;420000;2148;Diesel
2009;58000;231400;2987;Diesel
2009;43800;322000;2987;Diesel
2009;49900;236000;2143;Diesel
2009;30900;274800;2987;Diesel
2009;199000;30000;5461;Benzyna
2009;240500;30000;6208;Benzyna
2009;172200;121300;6208;Benzyna
2009;70000;274200;2987;Diesel
2009;44900;250000;2143;Diesel
2009;39900;307171;2143;Diesel
2009;52900;125000;2143;Diesel
2009;59000;238000;2143;Diesel
2009;21999;260000;3498;Benzyna
2009;28900;250063;2148;Diesel
2009;31900;233282;2148;Diesel
2009;44800;241000;2987;Diesel
2009;45500;255000;2143;Diesel
2009;45999;306120;2987;Diesel
2009;62000;169000;2987;Diesel
2009;39900;160000;2143;Diesel
2009;43900;224000;2143;Diesel
2009;39000;226000;2143;Diesel
2009;36000;238760;2148;Diesel
2009;72900;314086;2987;Diesel
2009;239900;52000;6208;Benzyna
2009;123000;93580;5461;Benzyna
2009;40000;176000;2987;Diesel
2009;159900;176700;6208;Benzyna
2009;45500;422200;2987;Diesel
2009;55000;182132;1796;Benzyna
2009;54500;236400;3498;Benzyna
2009;38777;390123;2987;Diesel
2009;47450;220201;2143;Diesel
2009;32700;258000;2987;Diesel
2009;56900;393000;2987;Diesel
2009;31900;197900;1796;Benzyna+LPG
2009;39400;339000;2143;Diesel
2009;67000;188000;2987;Diesel
2009;46900;226858;3498;Benzyna
2009;64950;157000;1796;Benzyna
2009;42900;218000;2143;Diesel
2009;48900;162000;1800;Benzyna
2009;59000;193900;3498;Benzyna+LPG
2009;46500;345000;2143;Diesel
2009;51900;227000;2143;Diesel
2009;55000;156984;2143;Diesel
2009;209000;36000;6208;Benzyna
2009;68500;173823;2143;Diesel
2009;35500;237426;2143;Diesel
2009;76000;193000;2987;Diesel
2009;59900;218000;2987;Diesel
2009;63900;136000;1800;Benzyna
2009;60000;271000;2987;Diesel
2009;44900;316000;2987;Diesel
2009;46900;279981;2143;Diesel
2009;47000;313346;2987;Diesel
2009;53000;227000;2987;Diesel
2009;61000;201853;2987;Diesel
2009;58200;292300;2987;Diesel
2009;39900;383000;2987;Diesel
2009;69000;114900;2148;Diesel
2009;33900;237000;2987;Diesel
2009;33900;236300;2148;Diesel
2009;52999;168000;1796;Benzyna
2009;51900;205107;2987;Diesel
2009;57000;312000;2987;Diesel
2009;39900;327000;2987;Diesel
2009;31900;464912;2143;Diesel
2009;25900;289000;2987;Diesel
2009;59900;240000;2987;Diesel
2009;43900;248350;2143;Diesel
2009;19500;399000;2987;Diesel
2009;36400;277900;2987;Diesel
2009;49500;211500;2987;Diesel
2009;49900;270000;5461;Benzyna
2009;24000;239000;2987;Diesel
2009;47900;270820;2143;Diesel
2009;29900;353000;2987;Diesel
2009;49900;279000;2143;Diesel
2009;62900;160000;2987;Diesel
2009;44900;329800;2987;Diesel
2009;64000;96380;2987;Diesel
2009;13900;376277;2148;Diesel
2009;56900;212000;2987;Diesel
2009;45500;206000;2143;Diesel
2009;29500;294000;2987;Diesel
2009;44900;160000;2148;Diesel
2009;46500;250300;2143;Diesel
2009;26900;289600;1796;Benzyna
2010;48900;250000;2987;Diesel
2010;239900;75000;6208;Benzyna
2010;59900;279600;2987;Diesel
2010;49000;379000;2987;Diesel
2010;51930;216000;2987;Diesel
2010;59500;222500;1796;Benzyna+LPG
2010;44500;361000;2143;Diesel
2010;62500;234000;2987;Diesel
2010;39900;160000;2148;Diesel
2010;47800;322000;2987;Diesel
2010;59500;175000;1796;Benzyna
2010;17400;700000;2143;Diesel
2010;59900;303000;1796;Benzyna
2010;41000;349000;2987;Diesel
2010;37900;214000;2143;Diesel
2010;115000;36000;3498;Benzyna
2010;36900;261800;2143;Diesel
2010;37800;213105;2143;Diesel
2010;37600;354400;2987;Diesel
2010;42900;228000;2143;Diesel
2010;39900;225872;2143;Diesel
2010;57900;191542;2987;Diesel
2010;54900;122000;1796;Benzyna
2010;71900;214000;5469;Benzyna+LPG
2010;44900;239085;2148;Diesel
2010;44800;345000;2143;Diesel
2010;28900;296351;2987;Diesel
2010;23900;166323;1796;Benzyna
2010;46900;168240;2987;Diesel
2010;54444;192000;1796;Benzyna
2010;59900;199000;3498;Benzyna
2010;115000;41000;3498;Benzyna
2010;49900;199000;1796;Benzyna
2010;56900;230123;3498;Benzyna
2010;53000;131151;1796;Benzyna
2010;64900;177536;2987;Diesel
2010;39999;260820;2143;Diesel
2010;49888;141000;1796;Benzyna
2010;67000;256000;5461;Benzyna
2010;59000;240000;1796;Benzyna
2010;49900;185475;2143;Diesel
2010;69900;152500;1796;Benzyna
2010;28500;415000;2143;Diesel
2010;22900;313000;2987;Diesel
2010;76000;49000;2987;Diesel
2010;52900;220000;2143;Diesel
2010;69000;183000;5461;Benzyna
2010;45000;286000;2987;Diesel
2010;45500;378200;2143;Diesel
2010;45900;181000;2143;Diesel
2010;59900;203009;1796;Benzyna
2010;44850;256900;2143;Diesel
2010;77900;91600;2987;Diesel
2010;34300;360000;2143;Diesel
2010;49900;299228;2987;Diesel
2010;42500;227777;2143;Diesel
2010;49900;276818;2987;Diesel
2010;52000;296000;2997;Diesel
2010;52900;151963;2987;Diesel
2010;42500;259000;2143;Diesel
2010;39990;246500;2143;Diesel
2010;55000;300000;2987;Diesel
2010;44999;256263;1796;Benzyna
2010;44000;265000;2143;Diesel
2010;43900;253000;1796;Benzyna
2010;58500;200000;2987;Diesel
2010;33900;246000;2143;Diesel
2010;26900;373885;2987;Diesel
2010;79999;141451;5461;Benzyna+LPG
2010;62400;215000;2987;Diesel
2010;80000;25000;3498;Benzyna
2010;195000;53600;6208;Benzyna
2010;43800;288000;2987;Diesel
2010;39500;365541;2987;Diesel
2010;43900;289000;2143;Diesel
2010;135500;79800;6208;Benzyna
2010;55700;139500;1796;Benzyna
2010;33800;359652;2143;Diesel
2010;29900;298502;2143;Diesel
2010;54900;236000;2148;Diesel
2010;52900;170603;1796;Benzyna
2010;75600;127000;5461;Benzyna
2010;38500;263000;1796;Benzyna
2010;25999;241000;2143;Diesel
2010;26900;277000;2200;Diesel
2010;30500;400000;2143;Diesel
2010;49999;173654;1796;Benzyna
2010;40900;199000;2143;Diesel
2010;56000;185000;2987;Diesel
2010;55900;224260;2987;Diesel
2010;49900;199000;2143;Diesel
2010;173500;20720;5461;Benzyna
2010;35000;273000;2987;Diesel
2010;199990;169000;6208;Benzyna
2010;37900;277000;2143;Diesel
2010;135900;79800;6208;Benzyna
2010;199500;61000;6208;Benzyna
2010;23800;260123;2987;Diesel
2010;41000;179000;2143;Diesel
2010;57000;212000;1796;Benzyna
2010;64000;160000;3498;Benzyna
2010;67900;223000;2987;Diesel
2010;38900;282400;2148;Diesel
2010;66900;269900;5461;Benzyna
2010;60900;311000;2987;Diesel
2010;30000;584867;2143;Diesel
2010;39500;276600;2143;Diesel
2010;61000;222000;3498;Benzyna+LPG
2010;63900;176300;5461;Benzyna
2010;46900;276200;2143;Diesel
2010;48950;205000;1796;Benzyna
2011;70900;132399;1796;Benzyna
2011;39999;289000;2987;Diesel
2011;49000;140352;1796;Benzyna
2011;47900;282000;2143;Diesel
2011;45000;291286;2143;Diesel
2011;58000;161000;2143;Diesel
2011;36900;221873;2143;Diesel
2011;45000;71372;5461;Benzyna
2011;120000;89900;3498;Benzyna
2011;49000;276000;2987;Diesel
2011;55900;190313;1796;Benzyna
2011;129999;211000;6208;Benzyna
2011;69900;82896;1736;Benzyna
2011;158670;42372;5461;Benzyna
2011;12999;500000;2143;Diesel
2011;85900;119000;2987;Diesel
2011;201000;52247;5461;Benzyna
2011;46000;228954;2143;Diesel
2011;56900;217336;1796;Benzyna
2011;49000;212600;2143;Diesel
2011;33900;235000;2987;Diesel
2011;51900;271000;1796;Benzyna
2011;58999;145000;1796;Benzyna
2011;29999;278359;2143;Diesel
2011;64900;239500;2987;Diesel
2011;150000;111111;6208;Benzyna
2011;52000;330000;2143;Diesel
2011;44300;246000;2143;Diesel
2011;49800;352000;2987;Diesel
2011;61500;101661;1796;Benzyna
2011;46000;245200;2143;Diesel
2011;59900;162836;1796;Benzyna
2011;44000;219000;1796;Benzyna
2011;55000;218000;1796;Benzyna
2011;42500;234000;2143;Diesel
2011;48900;249272;2143;Diesel
2011;62999;201000;2987;Diesel
2011;49000;242000;2987;Diesel
2011;59000;436652;2987;Diesel
2011;39999;203500;2143;Diesel
2011;65900;283200;2987;Diesel
2011;54900;179000;3498;Benzyna
2011;42900;255000;3498;Benzyna
2011;65900;77440;1796;Benzyna
2011;59990;244300;1796;Benzyna
2011;58900;201864;2143;Diesel
2011;54000;138000;3498;Benzyna
2011;33000;256349;2987;Diesel
2011;76900;165148;2143;Diesel
2011;41451;130500;2143;Diesel
2011;41900;349979;2143;Diesel
2011;60700;134741;1796;Benzyna
2011;54900;226000;2143;Diesel
2011;53000;212000;2143;Diesel
2011;14500;363000;2143;Diesel
2011;56900;198000;3498;Benzyna
2011;79600;86000;3498;Benzyna
2011;49900;293401;2143;Diesel
2011;49500;180000;3498;Benzyna
2011;82800;166000;5461;Benzyna
2011;59500;257522;2987;Diesel
2011;54900;226000;2987;Diesel
2011;133000;250400;2143;Diesel
2011;79800;188000;1796;Benzyna
2011;69900;159643;3498;Benzyna
2011;43900;294321;2143;Diesel
2011;43400;205000;2143;Diesel
2011;59000;258872;2987;Diesel
2011;57900;217368;2143;Diesel
2011;43800;249678;2143;Diesel
2011;48700;281744;2143;Diesel
2011;46800;279500;2143;Diesel
2011;39900;415000;2143;Diesel
2011;56000;194000;1796;Benzyna
2011;71900;152000;3498;Benzyna
2011;49900;282000;2987;Diesel
2011;68000;176528;2143;Diesel
2011;25000;268991;2143;Diesel
2011;58500;137536;2987;Diesel
2011;199000;134000;6208;Benzyna
2011;47000;290000;2143;Diesel
2011;50000;268000;1796;Benzyna
2011;56500;228000;2987;Diesel
2011;89000;99758;3498;Benzyna
2011;43000;245400;2143;Diesel
2011;56000;217300;2143;Diesel
2012;38900;209076;2143;Diesel
2012;39900;348900;2143;Diesel
2012;59500;236000;2143;Diesel
2012;36900;280000;2143;Diesel
2012;65000;185000;2143;Diesel
2012;58900;300000;2143;Diesel
2012;59000;134250;3498;Benzyna
2012;56800;319000;2143;Diesel
2012;66900;206573;2143;Diesel
2012;56800;246300;2200;Diesel
2012;60000;291000;2987;Diesel
2012;259900;20086;5461;Benzyna
2012;99900;186000;2987;Diesel
2012;55350;216000;1796;Benzyna
2012;59000;400000;2143;Diesel
2012;58800;152013;2143;Diesel
2012;209900;80483;5461;Benzyna
2012;75500;65061;3498;Benzyna
2012;73900;152000;2143;Diesel
2012;34900;336000;2143;Diesel
2012;58000;414210;2143;Diesel
2012;139900;55000;3498;Benzyna
2012;68000;138500;1796;Benzyna
2012;69900;211000;4663;Benzyna
2012;47999;318000;2143;Diesel
2012;64400;205000;2987;Diesel
2012;71900;158290;2987;Diesel
2012;88000;130000;1796;Benzyna
2012;32000;266000;2143;Diesel
2012;57900;245000;2987;Diesel
2012;35400;358000;2143;Diesel
2012;75900;120000;2143;Diesel
2012;59900;207000;1796;Benzyna
2012;65000;156000;2143;Diesel
2012;59900;189191;2143;Diesel
2012;32900;200000;2987;Diesel
2012;54000;287000;2143;Diesel
2012;62000;234120;2987;Diesel
2012;62500;215000;2143;Diesel
2012;24500;400000;2143;Diesel
2012;59000;299300;2143;Diesel
2012;57900;165000;2143;Diesel
2012;85000;109000;2143;Diesel
2012;73000;155000;1796;Benzyna
2012;59900;180000;1796;Benzyna
2012;41900;210000;2143;Diesel
2012;83000;129000;2143;Diesel
2012;59000;221000;2143;Diesel
2012;68500;116441;2143;Diesel
2012;74900;200000;2987;Diesel
2012;46999;150000;2143;Diesel
2012;73800;179000;1796;Benzyna
2012;66000;155000;1796;Benzyna
2012;47500;155000;2143;Diesel
2012;129900;36000;4663;Benzyna
2012;24999;117400;2143;Diesel
2012;92500;85000;2143;Diesel
2012;39000;463000;2987;Diesel
2012;21500;405000;2143;Diesel
2012;189000;111000;5461;Benzyna
2012;49900;299999;2987;Diesel
2012;28000;370000;2143;Diesel
2012;47000;225000;2143;Diesel
2012;59900;229000;2143;Diesel
2012;47900;425000;2143;Diesel
2012;56900;260000;2987;Diesel
2012;59900;185000;2143;Hybryda
2012;49900;285000;2143;Diesel
2013;79500;234000;2143;Diesel
2013;68900;230000;2143;Diesel
2013;79900;260805;2143;Hybryda
2013;65900;223000;2143;Diesel
2013;73000;294500;2987;Diesel
2013;60000;370000;2143;Diesel
2013;75900;221000;2200;Diesel
2013;84900;248500;2987;Diesel
2013;65000;216900;1991;Benzyna
2013;67000;250000;2987;Diesel
2013;88000;173000;2143;Diesel
2013;78500;222000;2987;Diesel
2013;97900;143000;3498;Benzyna
2013;63000;251000;2143;Diesel
2013;45800;294000;2143;Diesel
2013;69500;181000;2143;Diesel
2013;39500;99324;3498;Benzyna
2013;99900;39660;1991;Benzyna
2013;89900;89303;1991;Benzyna
2013;56700;122000;2143;Diesel
2013;169899;68500;2987;Diesel
2013;74900;244960;2143;Diesel
2013;59900;289121;2143;Diesel
2013;59000;90000;1796;Benzyna
2013;39999;190000;2143;Diesel
2013;108000;167000;2143;Diesel
2013;47900;133207;2987;Diesel
2013;82900;193000;1991;Benzyna
2013;369000;44927;5461;Benzyna
2013;84900;134000;1991;Benzyna
2013;66500;252477;2143;Diesel
2013;28900;435000;2143;Diesel
2013;48000;226000;2143;Diesel
2013;43000;147885;3498;Benzyna
2013;84433;165000;1991;Benzyna
2013;99000;134000;3500;Benzyna
2013;85900;96290;3498;Benzyna
2013;99909;108439;3498;Benzyna
2013;117000;68000;1991;Benzyna
2013;47000;108053;3498;Benzyna
2013;95000;87000;3498;Benzyna
2013;59500;296542;2143;Diesel
2013;63000;274000;2987;Diesel
2013;64999;309000;2987;Diesel
2013;94900;149689;2987;Diesel
2013;62999;265000;1991;Benzyna
2013;79600;277612;2987;Diesel
2013;90000;156000;2143;Diesel
2013;36900;356555;2143;Diesel
2013;80000;220000;1991;Benzyna
2013;107010;87000;3498;Benzyna
2013;269000;42100;5461;Benzyna
2013;78900;328197;2987;Diesel
2013;83999;170000;2987;Diesel
2013;86500;64000;3498;Benzyna
2013;114900;152974;2143;Diesel
2013;117000;228000;5461;Benzyna
2013;69900;145355;3498;Benzyna
2013;74800;208000;2143;Diesel
2013;320000;25029;5461;Benzyna
2013;44900;283000;2143;Diesel
2013;79800;103000;2143;Diesel
2013;76000;207000;2143;Diesel
2013;64900;188000;2143;Diesel
2013;69000;170007;2143;Diesel
2013;82000;258000;2143;Diesel
2013;81900;194000;3498;Benzyna
2013;72900;224000;2143;Diesel
2013;67900;212000;2143;Diesel
2013;69000;283600;2987;Diesel
2013;58000;168000;1796;Benzyna
2013;6500;180000;2143;Diesel
2013;44500;290000;2143;Diesel
2013;68500;220000;2143;Diesel
2013;87000;290000;2143;Diesel
2013;199999;78000;5461;Benzyna
2013;55900;214342;2996;Benzyna
2013;28500;460645;2143;Diesel
2014;210000;237472;5461;Benzyna
2014;92000;97500;1991;Benzyna
2014;76000;194000;2143;Diesel
2014;89999;110000;2143;Diesel
2014;99999;136681;1796;Benzyna
2014;88000;159000;1991;Benzyna
2014;79900;89580;2987;Diesel
2014;125000;81000;3498;Benzyna
2014;71000;199999;2143;Diesel
2014;89500;121512;1991;Benzyna
2014;75900;249000;2143;Hybryda
2014;45000;150000;3498;Benzyna
2014;65900;273900;2143;Diesel
2014;86900;99870;1991;Benzyna
2014;104000;135000;1991;Benzyna
2014;104000;140600;2987;Diesel
2014;79000;309000;2143;Diesel
2014;46900;355924;2143;Diesel
2014;79500;171000;2143;Diesel
2014;91000;242000;2143;Diesel
2014;79999;210000;2987;Diesel
2014;79950;235560;3498;Benzyna
2014;79999;242000;2143;Diesel
2014;160000;64000;4663;Benzyna
2014;62900;331000;2143;Diesel
2014;81999;287840;2987;Diesel
2014;88900;282006;2987;Diesel
2014;98000;53000;2143;Diesel
2014;72900;216397;2143;Diesel
2014;45000;427000;1991;Benzyna+CNG
2014;107000;103000;2143;Diesel
2014;67000;193000;2143;Diesel
2014;33900;75000;4663;Benzyna
2014;56700;305000;2143;Diesel
2014;94000;88039;2143;Diesel
2014;86900;123400;2143;Diesel
2014;89900;101000;3498;Benzyna
2014;85000;186000;2143;Diesel
2014;79900;103000;5461;Benzyna
2014;63500;241000;2143;Diesel
2014;96500;117000;1991;Benzyna
2014;97900;182920;1991;Benzyna
2014;149000;103952;5461;Benzyna
2014;88000;260000;2987;Diesel
2014;199900;106028;5461;Benzyna
2014;99900;156000;3498;Benzyna
2014;56900;298000;2143;Diesel
2014;89900;91000;3498;Benzyna
2014;89900;146000;2143;Diesel
2015;79000;121000;1991;Benzyna
2015;109999;72000;1991;Benzyna
2015;74900;186000;2143;Diesel
2015;83640;380000;2143;Diesel
2015;86500;80000;1991;Benzyna
2015;89000;270000;2143;Diesel
2015;109900;156000;2987;Diesel
2015;45900;220000;2143;Diesel
2015;105000;110000;2143;Diesel
2015;99666;248999;2143;Diesel
2015;85300;203000;2143;Diesel
2015;110700;185000;1991;Benzyna
2015;34000;358000;2143;Diesel
2015;139000;65320;2143;Diesel
2015;99900;134900;2143;Benzyna
2015;46900;360000;2143;Diesel
2015;94900;157710;2143;Diesel
2015;117900;68000;2143;Diesel
2015;95000;236000;2143;Diesel
2015;84900;230000;2987;Diesel
2015;95000;130000;1991;Benzyna
2015;55200;357000;2143;Diesel
2015;118900;138000;2143;Diesel
2015;54000;165000;2143;Diesel
2015;99999;135000;2996;Benzyna
2015;65900;298000;2143;Diesel
2015;87999;174263;2143;Diesel
2015;95000;90800;1991;Benzyna
2015;119999;156000;1991;Benzyna
2015;60000;403000;2143;Diesel
2015;72000;364266;2987;Diesel
2015;42900;465960;2143;Diesel
2015;72000;220000;2143;Hybryda
2015;139898;147000;3498;Benzyna
2015;69900;290000;2143;Diesel
2015;87000;144000;2143;Diesel
2015;49900;400000;2143;Diesel
2015;118000;83200;1991;Benzyna
2015;108000;83000;2143;Diesel
2015;99900;110000;2987;Diesel
2015;115000;49588;2143;Diesel
2015;103500;147000;2143;Diesel
2015;200000;11000;3498;Benzyna
2015;39200;117000;2987;Diesel
2015;63900;134000;2143;Diesel
2016;212000;56000;3498;Benzyna
2016;162000;91000;2987;Diesel
2016;30900;243475;2143;Diesel
2016;169000;1666;3498;Benzyna
2016;150000;169000;1950;Diesel
2016;109999;166000;1950;Diesel
2016;72990;279800;2143;Diesel
2016;119600;315000;1950;Diesel
2016;140999;84000;1950;Diesel
2016;111700;99000;1950;Diesel
2016;112900;150000;1950;Diesel
2016;119000;98500;1950;Diesel
2016;149900;81000;1991;Benzyna
2016;90000;282000;1950;Diesel
2016;109000;157000;1950;Diesel
2016;129900;178000;1950;Diesel
2016;149900;102685;1991;Benzyna
2016;99900;153000;1950;Diesel
2016;114999;175000;1991;Benzyna
2016;50900;256000;1950;Diesel
2016;125555;150000;1950;Diesel
2016;89175;346330;1950;Diesel
2016;129900;166000;2987;Diesel
2016;182000;192000;2987;Diesel
2016;132900;168000;1950;Diesel
2016;139900;143000;1950;Diesel
2016;126500;183000;1950;Diesel
2016;82779;856900;1950;Diesel
2016;109900;95800;2996;Benzyna
2016;122900;169000;3498;Benzyna
2016;159900;160000;2987;Diesel
2016;119925;293258;1950;Diesel
2016;58999;373280;2143;Diesel
2016;159900;200000;2987;Diesel
2016;117000;124000;1950;Diesel
2016;133000;219000;1950;Diesel
2016;69900;98724;1991;Benzyna
2016;169900;84000;1950;Diesel
2016;141000;127000;1950;Diesel
2016;135900;138000;1950;Diesel
2016;133000;109000;1991;Benzyna
2016;179000;155000;1950;Diesel
2016;135400;102000;1950;Diesel
2016;155000;145000;1950;Diesel
2016;89900;173000;1991;Benzyna
2016;147600;95903;1950;Diesel
2016;149900;220000;1950;Diesel
2016;79000;83000;1991;Benzyna
2016;179000;146000;2987;Diesel
2016;129900;128900;1991;Benzyna
2016;121500;65500;1991;Benzyna
2016;119999;319544;1950;Diesel
2016;115999;185000;1950;Diesel
2016;70000;142667;1991;Benzyna
2016;146900;86249;1950;Diesel
2016;144500;27000;1991;Benzyna
2016;129888;129000;1950;Diesel
2016;154900;121000;1950;Diesel
2016;154900;88500;1950;Diesel
2016;112000;51374;1991;Benzyna
2016;119000;57500;1991;Benzyna
2016;113800;75201;2143;Diesel
2016;129900;279000;2987;Diesel
2016;120000;158000;1950;Diesel
2016;136500;60300;1950;Diesel
2016;119000;98000;1950;Diesel
2016;144000;92000;1950;Diesel
2016;111600;181000;1991;Benzyna
2016;103500;107500;1991;Benzyna
2016;99900;169170;2143;Diesel
2016;129900;120000;1950;Diesel
2016;125000;53000;2996;Benzyna
2016;199500;86500;5461;Benzyna
2016;155979;129000;1950;Diesel
2016;135000;112000;1950;Diesel
2016;57900;160526;2143;Diesel
2016;101999;190834;1950;Diesel
2016;49900;118000;2143;Diesel
2016;146000;112000;1950;Diesel
2016;58900;201000;1950;Diesel
2016;128900;115300;1950;Diesel
2017;85000;174500;1991;Hybryda
2017;253000;71000;2996;Benzyna
2017;189000;67000;1991;Benzyna
2017;168000;160000;1950;Diesel
2017;350000;127781;3982;Benzyna
2017;149000;102200;1950;Diesel
2017;270000;96661;2996;Benzyna
2017;113037;190000;1950;Diesel
2017;119900;185000;1950;Diesel
2017;127900;154540;1950;Diesel
2017;132900;111000;1950;Diesel
2017;429000;66000;3982;Benzyna
2017;148500;104121;1950;Diesel
2017;134900;131000;1950;Diesel
2017;209000;98522;2987;Diesel
2017;149000;76000;1950;Diesel
2017;173000;186000;1991;Hybryda
2017;229900;65000;2996;Benzyna
2017;159000;98500;1950;Diesel
2017;379900;116000;3982;Benzyna
2017;139900;102835;1950;Diesel
2017;154900;57000;1991;Benzyna
2017;319999;118952;3982;Benzyna
2017;138990;220000;1950;Diesel
2017;399900;43600;3982;Benzyna
2017;145000;160000;2987;Diesel
2017;139990;153000;1950;Diesel
2017;129900;116886;1950;Diesel
2017;185000;80000;1991;Benzyna
2017;74900;220000;1950;Diesel
2017;136900;126391;1950;Diesel
2017;199500;75000;2996;Benzyna
2017;228900;77260;2996;Benzyna
2017;200000;91000;1950;Diesel
2017;159900;99000;1950;Diesel
2017;134900;206037;1950;Diesel
2017;189900;143198;2987;Diesel
2017;139999;150000;1950;Diesel
2017;196000;116000;2996;Benzyna
2017;169900;113920;1950;Diesel
2017;196900;44000;2987;Diesel
2017;159900;95000;1991;Benzyna
2017;124900;62000;1991;Benzyna
2017;116900;239900;1950;Diesel
2017;99899;158884;1950;Diesel
2017;135900;69000;1950;Diesel
2017;105900;76000;1950;Diesel
2017;48900;319708;2987;Diesel
2017;161745;131800;1991;Benzyna
2017;169000;131000;1991;Benzyna
2017;154900;77500;1950;Diesel
2017;153900;149000;1950;Diesel
2017;172300;176000;1950;Diesel
2017;225700;132950;2996;Benzyna
2017;199000;121500;3498;Benzyna
2017;274000;11000;2996;Benzyna
2017;134900;176700;1950;Diesel
2017;128900;167000;1950;Diesel
2017;179900;85200;1950;Diesel
2017;117900;259500;1950;Diesel
2017;144900;148700;1950;Diesel
2017;125900;215500;1950;Diesel
2017;169000;98000;1950;Diesel
2017;179999;141412;1950;Diesel
2017;180000;65000;1950;Diesel
2017;189900;111591;1991;Benzyna
2017;207870;74108;1950;Diesel
2017;139000;147500;1950;Diesel
2017;175000;88500;1950;Diesel
2017;258300;75000;2996;Benzyna
2017;120500;156000;1950;Diesel
2017;165900;75000;1991;Benzyna
2017;139900;126930;1950;Diesel
2017;59000;580000;1950;Diesel
2017;199900;144240;1950;Diesel
2017;249900;49000;2987;Diesel
2017;102000;302000;1950;Diesel
2017;125700;138000;1950;Diesel
2017;209000;127353;2996;Benzyna
2017;120900;202000;1950;Diesel
2017;179900;165000;1950;Diesel
2017;215000;101000;2996;Benzyna
2017;131610;249680;2987;Diesel
2017;139605;128000;1950;Diesel
2017;35000;60000;1950;Diesel
2017;110999;171000;1950;Diesel
2017;133000;199000;1950;Diesel
2017;215935;195500;1950;Diesel
2017;299000;53600;4000;Benzyna
2017;189900;107760;1950;Diesel
2017;169000;96026;1950;Diesel
2017;135900;149705;1950;Diesel
2017;204900;87000;1950;Diesel
2017;141900;154000;2987;Diesel
2017;174899;74999;1991;Benzyna
2017;309900;177149;3982;Benzyna
2017;149900;130887;1948;Diesel
2017;128899;94566;1991;Benzyna
2017;179000;74425;1991;Benzyna
2017;180000;126334;2996;Benzyna
2017;199000;119000;3498;Benzyna
2017;174900;114399;1950;Diesel
2017;174900;116000;1950;Diesel
2017;75900;83182;1991;Benzyna
2017;138550;130850;1950;Diesel
2017;120900;178000;2987;Diesel
2017;43900;113000;1950;Diesel
2017;184900;96089;3498;Benzyna
2017;139900;96701;1991;Benzyna
2017;239900;86000;2996;Benzyna
2017;138900;96500;1950;Diesel
2017;159900;125000;1950;Diesel
2017;130900;147500;2987;Diesel
2017;109999;218000;1950;Diesel
2017;137000;174000;1950;Diesel
2017;94000;83000;1999;Benzyna
2017;116900;220137;1950;Diesel
2017;119900;154000;1950;Diesel
2017;169000;78500;1950;Diesel
2017;138900;109313;1950;Diesel
2017;299900;134500;3982;Benzyna
2017;164999;193000;1991;Benzyna
2017;149900;115000;1950;Diesel
2017;199506;115428;2996;Benzyna
2017;145000;254797;1950;Diesel
2017;139000;228000;1950;Diesel
2017;109900;270000;1950;Diesel
2017;177899;90338;1991;Benzyna
2017;55899;395000;1950;Diesel
2017;165000;123000;1950;Diesel
2017;179700;274049;2996;Benzyna
2017;129900;149600;1991;Benzyna
2017;235000;68000;2996;Benzyna
2017;164900;62400;1991;Benzyna
2017;124999;159900;1950;Diesel
2017;209000;104000;2987;Diesel
2017;138900;95800;1950;Diesel
2017;139000;153000;1950;Diesel
2017;154900;54000;1991;Benzyna
2017;157000;74000;1950;Diesel
2017;158670;66500;1950;Diesel
2017;88560;279000;1950;Diesel
2017;183800;39830;1950;Diesel
2017;149990;84000;2000;Diesel
2017;109500;209123;1950;Diesel
2017;210000;100000;1991;Benzyna
2017;166050;78500;1950;Diesel
2017;164900;142180;1991;Benzyna
2017;165000;168000;1950;Diesel
2017;159654;85307;1950;Diesel
2017;239000;77548;2996;Benzyna
2017;138990;118800;1950;Diesel
2017;210330;69000;1950;Diesel
2017;139900;74169;1991;Benzyna
2017;169000;89000;1991;Benzyna
2017;109500;225914;1950;Diesel
2017;85000;175000;1950;Diesel
2017;139900;114000;1950;Diesel
2017;105000;309000;1950;Diesel
2017;109900;179000;1950;Diesel
2017;133000;99100;1950;Diesel
2017;75395;182669;1950;Diesel
2017;189999;111000;1950;Diesel
2017;44800;92070;1950;Diesel
2017;207000;122000;2996;Benzyna
2017;138000;156000;1950;Diesel
2017;154900;93575;1950;Diesel
2017;165000;110000;1950;Diesel
2017;139900;147699;1950;Diesel
2017;95000;260000;1950;Diesel
2017;199900;116300;2996;Benzyna
2017;284000;41000;2996;Benzyna
2017;99900;502000;1950;Diesel
2017;119999;191258;1950;Diesel
2017;169900;105000;1950;Diesel
2017;197900;95019;3498;Benzyna
2017;85977;292000;1991;Benzyna
2017;149900;99982;1991;Benzyna
2017;137000;194000;3498;Benzyna
2017;169999;118200;1991;Benzyna
2018;144999;97000;1950;Diesel
2018;230000;98000;2996;Benzyna
2018;189800;67000;1950;Diesel
2018;305000;53901;2999;Benzyna
2018;439000;35100;3982;Benzyna
2018;117900;112357;1595;Benzyna
2018;179900;72400;2925;Diesel
2018;139900;152200;1950;Diesel
2018;530000;33000;3982;Benzyna
2018;155000;105900;1950;Diesel
2018;164990;132000;1950;Diesel
2018;239000;38000;2996;Benzyna
2018;215000;28000;2996;Benzyna
2018;179900;70470;1950;Diesel
2018;85400;247500;1950;Diesel
2018;205000;120000;1991;Benzyna
2018;65190;338400;1950;Diesel
2018;169900;72492;1991;Benzyna
2018;179900;39000;1991;Benzyna
2018;180000;70000;2143;Diesel
2018;153500;54190;1950;Diesel
2018;184800;97000;1950;Diesel
2018;159900;141055;1950;Diesel
2018;165500;115000;1950;Diesel
2018;99500;325000;1950;Diesel
2018;130000;118000;1950;Diesel
2018;255000;58000;1991;Benzyna
2018;251000;65600;2925;Diesel
2018;169900;101000;1950;Diesel
2018;175000;66400;2987;Diesel
2018;139000;110000;1950;Diesel
2018;299000;36279;2999;Benzyna
2018;139900;164000;1950;Diesel
2018;454000;30500;3982;Benzyna
2018;231240;84716;2996;Benzyna
2018;339900;34500;2999;Benzyna
2018;135900;100000;1950;Diesel
2018;139000;97631;1950;Diesel
2018;184500;55000;1991;Hybryda
2018;279000;25000;2996;Benzyna
2018;149000;96500;1950;Diesel
2018;184900;81205;1950;Diesel
2018;185000;67330;1991;Benzyna
2018;149000;116000;1950;Diesel
2018;205000;142728;2925;Diesel
2018;195000;29000;1950;Diesel
2018;139998;131981;1950;Diesel
2018;359000;24000;3982;Benzyna
2018;175000;79000;1950;Diesel
2018;105000;224323;1991;Benzyna
2018;239000;43822;2925;Diesel
2018;142000;115000;1950;Diesel
2018;153900;51800;1950;Diesel
2018;155000;69080;1991;Benzyna
2018;145900;70000;1950;Diesel
2018;299999;80000;2999;Benzyna
2018;119900;196680;1950;Diesel
2018;154900;64950;1991;Benzyna
2018;159900;99500;1950;Diesel
2018;150000;190000;1950;Diesel
2018;319900;115500;2999;Benzyna
2018;409900;53200;3982;Benzyna
2018;274900;91488;2996;Benzyna
2018;199000;88996;1950;Diesel
2018;149900;148000;1950;Diesel
2018;264000;117000;2925;Diesel
2018;179900;74510;1991;Benzyna
2018;144999;151600;1950;Diesel
2018;86000;259800;1950;Diesel
2018;189000;69000;1950;Diesel
2018;89900;554000;1950;Diesel
2018;265000;77400;2999;Benzyna
2018;200000;28724;1991;Benzyna
2018;249900;105600;2925;Diesel
2018;108000;194575;1950;Diesel
2018;159999;92000;1950;Diesel
2018;149900;116800;1950;Diesel
2018;190000;49310;1950;Diesel
2018;99999;280000;1950;Diesel
2018;129799;118751;1950;Diesel
2018;115999;252000;1950;Diesel
2018;139900;80000;1991;Benzyna
2018;182000;32800;2996;Benzyna
2018;165900;60457;1950;Diesel
2018;149900;85000;1950;Diesel
2018;124998;139000;1950;Diesel
2018;194000;99548;1950;Diesel
2018;189900;1116;1991;Benzyna
2018;205000;90000;1950;Diesel
2018;199900;84000;1950;Diesel
2018;199900;135400;1995;Diesel
2018;189000;59000;1950;Diesel
2018;144999;72000;1950;Diesel
2018;169900;95000;1950;Diesel
2018;179900;96600;1950;Diesel
2018;149900;45318;1950;Diesel
2018;76900;270000;2987;Diesel
2018;159000;60348;1950;Diesel
2018;208000;73000;1950;Diesel
2018;189900;97000;1950;Diesel
2018;179900;138500;1950;Diesel
2018;143900;129000;1950;Diesel
2018;179900;19130;2000;Benzyna
2018;177900;79150;1950;Diesel
2018;128800;66000;1950;Diesel
2018;212000;78352;1950;Diesel
2018;169000;82000;1950;Diesel
2018;219000;107000;1950;Diesel
2018;199900;41031;1950;Diesel
2018;136900;164000;1950;Diesel
2018;199999;63000;2987;Diesel
2018;439000;67500;3982;Benzyna
2018;88999;355000;1950;Diesel
2018;220000;100305;2996;Benzyna
2018;129900;42000;1991;Benzyna
2018;176000;91000;1950;Diesel
2018;209098;120000;1950;Diesel
2018;174900;69000;1950;Diesel
2018;203565;98900;1991;Benzyna
2018;269900;59000;2999;Benzyna
2018;209000;143442;1950;Diesel
2018;155000;127000;1950;Diesel
2018;199000;66000;1950;Diesel
2018;189000;39800;1950;Diesel
2018;235000;43000;2925;Diesel
2018;149900;68121;1991;Benzyna
2018;129000;120000;1991;Benzyna
2018;189899;62367;1991;Benzyna
2018;220170;67521;1991;Benzyna
2018;111700;78000;2000;Diesel
2018;199998;105631;2987;Diesel
2018;159700;104000;1991;Benzyna
2018;199900;75000;1950;Diesel
2018;330000;79000;2999;Benzyna
2018;186000;71000;1950;Diesel
2018;159900;78000;1950;Diesel
2018;128000;76000;1950;Diesel
2018;176900;143000;1950;Diesel
2018;169900;61500;1950;Diesel
2018;112900;178000;1950;Diesel
2018;319900;139700;3982;Benzyna
2018;320000;51000;3982;Benzyna
2018;145900;102000;1950;Diesel
2018;140000;108000;1950;Diesel
2018;399000;58000;3982;Benzyna
2018;160000;150000;1991;Benzyna
2018;137900;164000;1950;Diesel
2018;160900;206000;1950;Diesel
2019;129150;200200;1597;Diesel
2019;245000;70500;1991;Benzyna
2019;290000;119000;2999;Benzyna
2019;264500;53000;2999;Benzyna
2019;169900;111000;1950;Diesel
2019;175000;63000;1950;Hybryda
2019;58425;189700;1950;Diesel
2019;253900;148048;2925;Diesel
2019;165900;43000;1950;Hybryda
2019;212790;32000;1950;Diesel
2019;559000;28000;3982;Benzyna
2019;314900;2600;1991;Benzyna
2019;179900;51000;1597;Diesel
2019;170900;127471;1950;Diesel
2019;136900;174709;1950;Diesel
2019;183000;29000;1598;Diesel
2019;199900;105000;1950;Diesel
2019;233000;90300;1950;Diesel
2019;199900;92000;1950;Hybryda
2019;230000;48785;1991;Benzyna
2019;194699;70600;1950;Diesel
2019;174900;123438;1950;Diesel
2019;209000;28173;1991;Benzyna
2019;159000;41200;1598;Diesel
2019;179900;99633;1950;Diesel
2019;198999;90500;1950;Diesel
2019;529000;79000;3982;Benzyna
2019;368877;29653;2999;Benzyna
2019;229900;57993;1995;Diesel
2019;155900;66700;1950;Diesel
2019;154900;57811;1597;Diesel
2019;234900;128000;1950;Diesel
2019;209900;57700;1950;Diesel
2019;190900;122661;1950;Hybryda
2019;180687;130500;1991;Benzyna
2019;350548;45211;2925;Diesel
2019;167901;64810;1950;Diesel
2019;173900;80000;1950;Diesel
2019;157890;45391;1950;Diesel
2019;149900;107000;1597;Diesel
2019;199000;77986;1950;Diesel
2019;299900;44988;2999;Benzyna
2019;499995;43000;3982;Benzyna
2019;499900;48800;2999;Benzyna
2019;189000;61500;1950;Diesel
2019;186960;79000;1950;Diesel
2019;169899;99400;1950;Diesel
2019;166900;178889;2000;Diesel
2019;184900;107070;1950;Diesel
2019;169000;83000;1950;Diesel
2019;227548;52000;1991;Benzyna
2019;296000;38935;2999;Benzyna
2019;239000;122000;1950;Diesel
2019;279900;14201;1991;Benzyna
2019;184900;23000;1950;Diesel
2019;150060;145942;1950;Diesel
2019;189990;105000;1950;Diesel
2019;176990;145000;1950;Diesel
2019;149900;68800;1950;Diesel
2019;199998;46500;1950;Diesel
2019;164900;18150;1597;Diesel
2019;249000;18000;1991;Benzyna
2019;176990;128000;1950;Diesel
2019;179900;60000;2000;Diesel
2019;214900;70700;2996;Benzyna
2019;143000;29769;3000;Benzyna
2019;154365;56770;1950;Diesel
2019;184900;39493;1991;Benzyna
2019;199900;27000;1950;Diesel
2019;194300;50000;1950;Diesel
2019;229000;42000;1950;Diesel
2019;269500;25000;2999;Benzyna
2019;226318;52362;1950;Diesel
2019;328999;71000;2999;Benzyna
2019;147900;175612;1950;Diesel
2019;199900;71416;1950;Diesel
2019;436685;35561;3982;Benzyna
2019;319798;64000;2999;Benzyna
2019;305000;33600;2999;Benzyna
2019;199900;111600;1950;Diesel
2019;313000;60000;2999;Benzyna
2019;178350;86000;1950;Diesel
2019;369000;68000;1950;Diesel
2019;167895;71000;1950;Diesel
2019;155900;70000;1950;Diesel
2019;178227;98000;1950;Diesel
2019;199000;14154;1991;Benzyna
2019;315700;28000;2999;Benzyna
2019;109000;218000;1950;Diesel
2019;83200;83224;1950;Diesel
2019;227200;52000;1950;Diesel
2020;219900;59800;1950;Diesel
2020;222900;51000;1950;Diesel
2020;227550;42588;1950;Diesel
2020;231900;43794;1950;Diesel
2020;214990;87164;1950;Hybryda
2020;189900;32000;1991;Benzyna
2020;369900;12300;2999;Benzyna
2020;184377;22750;1597;Diesel
2020;174000;139000;1991;Benzyna
2020;269900;53650;1950;Hybryda
2020;239900;22200;1950;Diesel
2020;269900;42900;1950;Diesel
2020;241999;24800;1950;Hybryda
2020;229799;17887;1991;Benzyna
2020;219900;14432;1950;Diesel
2020;399900;2058;2999;Benzyna
2020;269900;25600;1950;Diesel
2020;369000;80700;1950;Diesel
2020;174900;88986;1597;Diesel
2020;168000;39800;1598;Diesel
2020;234900;24200;1950;Diesel
2020;279900;26200;1950;Hybryda
2020;234900;22627;1991;Hybryda
2020;254610;23500;1950;Hybryda
2020;246900;23200;1950;Diesel
2020;429900;24000;2999;Benzyna
2020;225900;42000;1950;Diesel
2020;279900;18900;1991;Benzyna
2020;269900;39700;1991;Benzyna
2020;209900;33000;1950;Diesel
2020;369000;37500;2925;Diesel
2020;245900;24868;1991;Benzyna
2020;220170;143000;2925;Diesel
2020;259900;24200;1950;Diesel
2020;265500;16500;1950;Hybryda
2020;208000;83000;1950;Diesel
2020;304900;9100;1950;Hybryda
2020;324720;42000;2999;Benzyna
2020;220416;50000;1991;Benzyna
2020;274900;45400;1950;Diesel
2020;369900;13100;2999;Benzyna
2020;269900;26900;1950;Diesel
2020;229900;45973;1950;Diesel
2020;199900;13900;1950;Diesel
2020;279900;15400;1950;Diesel
2020;699900;25900;3982;Benzyna
2020;269900;11200;1950;Diesel
2020;279900;22100;1950;Diesel
2020;209900;32000;1950;Diesel
2020;229000;29654;1950;Diesel
2020;239900;17673;1950;Diesel
2020;269900;49200;1950;Diesel
2020;419900;13000;2999;Benzyna
2020;699900;25840;3982;Benzyna
2020;249000;121000;2925;Diesel
2020;349000;4200;1992;Diesel
2020;309900;21300;1950;Diesel
2020;415000;27683;2925;Diesel
2020;389900;12900;2999;Benzyna
2020;439900;38000;2999;Benzyna
2020;369900;9100;1991;Benzyna
2020;259900;12747;1950;Hybryda
2020;250000;106700;2996;Benzyna
2020;189000;69309;1950;Diesel
2020;249900;66451;1950;Hybryda
2020;189500;17000;1991;Benzyna
2020;229900;22440;1597;Diesel
2020;239900;22177;1950;Diesel
2020;219900;15219;1950;Diesel
2020;199900;69278;1991;Benzyna
2020;179900;140228;1995;Diesel
2020;239900;14611;1991;Benzyna
2020;214900;22100;1991;Benzyna
2020;207870;49000;1950;Diesel
2020;142557;71000;1950;Hybryda
2020;449999;14500;3982;Benzyna
2020;539900;24900;2999;Benzyna
2020;309900;20900;1950;Diesel
2020;329900;7100;1991;Hybryda
2020;275900;40911;1950;Diesel
2020;219900;12934;1950;Diesel
2020;279900;7000;1950;Diesel
2020;219900;18823;1950;Diesel
2020;219900;26553;1950;Diesel
2020;219900;27980;1950;Diesel
2020;219900;20731;1950;Diesel
2020;233700;115000;1950;Diesel
2020;198030;124500;1950;Diesel
2020;279500;5500;1991;Benzyna
2020;219899;45130;1950;Hybryda
2020;669900;14100;3982;Benzyna
2020;255000;69000;1950;Hybryda
2020;191900;54000;1950;Diesel
2021;349318;4000;1950;Diesel
2021;299000;38693;1991;Benzyna
2021;264450;36000;1992;Diesel
2021;169000;60000;1950;Diesel
2021;484900;9900;2999;Benzyna
2021;229000;33574;1950;Diesel
2021;239000;33000;1950;Diesel
2021;324900;20700;1950;Hybryda
2021;255000;54000;1950;Diesel
2021;639900;23040;3982;Benzyna
2021;239000;30812;1950;Diesel
2021;192900;27000;1598;Diesel
2021;259900;28100;1950;Diesel
2021;346787;22000;1950;Hybryda
2021;339900;3300;1950;Diesel
2021;455866;15000;2999;Benzyna
2021;279900;10;1950;Diesel
2021;259900;55614;1950;Diesel
2021;249900;58186;1950;Diesel
2021;666600;14000;3982;Benzyna
2021;225900;64700;1950;Diesel
2021;309900;20257;1950;Diesel
2021;319900;10570;1950;Diesel
2021;245000;26204;1950;Diesel
2021;105000;23000;1597;Diesel
2021;635000;22000;3982;Benzyna
2021;229900;35327;1950;Diesel
2021;190896;33000;1597;Diesel
2021;309900;26300;1950;Diesel
2021;309900;38;1950;Hybryda
2021;412000;560;1597;Diesel
2021;245000;37387;1950;Diesel
2021;234900;54790;1950;Diesel
2021;314900;20700;1950;Diesel
2021;229900;41275;1950;Diesel
2021;275000;13300;1950;Hybryda
2021;429900;23000;2999;Benzyna
2021;499900;28300;2999;Benzyna
2021;239000;102000;1950;Diesel
2021;239000;39772;1950;Diesel
2021;245000;29251;1950;Diesel
2021;239000;44728;1950;Diesel
2021;269900;24500;1991;Hybryda
2021;829900;4680;3982;Benzyna
2021;314900;21840;1950;Hybryda
2021;449900;4923;2999;Benzyna
2021;245000;21324;1950;Diesel
2021;439900;35042;2999;Benzyna
2021;359900;17400;1950;Diesel
2021;219900;3000;1950;Diesel
2021;219900;50200;1950;Diesel
2021;219900;19100;1993;Diesel
2021;436900;10544;2925;Diesel
2021;312000;11517;1991;Hybryda
2021;219900;24289;1950;Diesel
2021;198999;28865;1597;Diesel
2021;259900;4300;1991;Benzyna
2021;204900;29206;1598;Diesel
2021;296605;9500;1950;Diesel
2021;670000;7800;3982;Benzyna
2021;219000;75500;1950;Diesel
2021;270000;35000;1950;Diesel
2021;198000;10;1950;Diesel
2021;285000;18855;1991;Benzyna
2021;159000;6691;1991;Benzyna
2022;406524;5;1992;Diesel
2022;363180;5;1991;Benzyna
2022;366000;5;1991;Benzyna
2022;380535;0;1991;Benzyna
2022;286000;1;1950;Diesel
2022;404709;74;1991;Benzyna
2022;528900;1;2999;Benzyna
2022;738100;1;3982;Benzyna
2022;349000;500;1991;Benzyna
2022;279900;10;1950;Hybryda
2022;329900;18400;1950;Diesel
2022;253000;6030;1993;Diesel
2022;325400;5;2925;Diesel
2022;254900;6460;1993;Diesel
2022;358999;9900;1993;Diesel
2022;225000;5;1991;Benzyna
2022;200645;5;1597;Diesel
2022;288999;1;1950;Diesel
2022;317340;5000;1950;Diesel
2022;355555;10;1950;Diesel
2022;265999;1;1950;Diesel
2022;248094;1;1950;Diesel
2022;272999;1;1950;Diesel
2022;499900;11100;2999;Benzyna
2022;430377;5000;1991;Benzyna
2022;405777;5000;1991;Benzyna
2022;429400;5;2999;Benzyna
2022;526200;1;2999;Benzyna
2022;486000;1;2999;Benzyna
2022;799900;10;3982;Benzyna
2022;329900;10;1993;Diesel
2022;299000;10;1950;Diesel
2022;406610;0;1991;Hybryda
2022;349900;10;1950;Diesel
2022;2223100;29;3982;Benzyna
2022;300049;106;1993;Hybryda
2022;224900;12730;1597;Diesel
2022;531662;0;2999;Benzyna
2022;913000;5;3982;Benzyna
2022;279999;1;1950;Diesel
2022;297172;0;1993;Diesel
2022;254900;6453;1993;Diesel
2022;319900;10;1993;Diesel
2022;265913;13;1993;Diesel
2022;319900;10000;1950;Diesel
2022;289900;9000;1950;Diesel
2022;381350;1500;1991;Benzyna
2022;685854;5;3982;Benzyna
2022;311000;4832;1993;Diesel
2022;224900;10700;1597;Diesel
2022;289100;1;1950;Diesel
2022;699900;1;3982;Benzyna
2022;347200;4;1950;Diesel
2022;284899;5;1950;Diesel
2022;547000;5;2999;Benzyna
2022;318000;10750;1991;Benzyna
2022;329900;10;1991;Hybryda
2022;289018;92;1993;Hybryda
2022;289899;13000;1993;Diesel
2022;303194;1;1950;Hybryda
2022;552846;1;2999;Benzyna
2022;269900;8600;1993;Diesel
2022;239000;9600;1950;Diesel
2022;476950;12800;2999;Benzyna
2022;349900;5;1950;Hybryda
2022;518900;3700;2999;Benzyna
2022;245000;25000;1950;Diesel
2022;514900;5;2999;Benzyna
2022;329900;3600;1950;Diesel
2022;281999;1;1950;Diesel
2022;234999;1;1950;Diesel
2022;271999;1;1950;Diesel
2022;273999;1;1950;Diesel
2022;224900;19700;1993;Diesel
2022;315598;1;1991;Hybryda
2022;393477;5000;1991;Benzyna
2022;322990;17728;1950;Diesel
2022;186000;1833;2999;Benzyna
2022;477528;2000;2999;Benzyna
2022;229900;10;1993;Diesel
2022;414900;14698;2999;Benzyna
2022;243999;1;1993;Diesel
2022;339000;1;1991;Benzyna
2022;331291;1;1993;Diesel
2022;798219;5;3982;Benzyna
2022;275999;1;1950;Diesel
2022;403387;1;1993;Diesel
2022;319000;10000;1950;Diesel
2022;289000;9200;1993;Diesel
2022;176000;117;2999;Benzyna
2023;291087;5;1950;Diesel
2023;552669;1;2999;Benzyna
